Name	Type	Locations	Sprite?	Notes
Haunted Cassette	foe friend	tye die, hatch		
unreleased tape	foe	krypt vf kvrrvncvvs		
Feline Succubus	foe friend			
Spectral Disco Beat	foe	leeds		
Crow	foe friend	cemetery		
Decomposing Equipment	foe	the mainframe, hatch		
Undead Motherboard	foe	the mainframe, interworld 		
Ghost in the Machine	foe	interworld?		
666bpm	foe			boss
Jon Sim	foe	CODS		boss
Disembodied Howl	foe	interworld, porter brook		
Giant Pholcus	foe	porter brook, wharf, cemetery, mushroom forest, krypt of currencies 		
Skull Trumpet	foe friend 	leeds/cemetery 		
Botulinum	foe friend	everywhere if botulistic 		
Single Bone	foe	cemetery 		
Pickled Chicken 	foe	wharf chambers?		
Animated Rug	foe	brvvmhvll library 		
Toads	foe friend 	brvvmhvll library		
AI	foe	the mainframe 		boss
drunkle	foe	train from Leeds		
kitten	foe friend 	library, interworld 		
unending scream 	foe 	hatch, wharf, train from leeds		
wingding	foe	interworld		
Skellytons	foe friend	many places 		
wolf	foe			
fungal mat	foe	mushroom forest 		
destroying angel	foe	mushroom forest 		
stinkhorn 	foe	mushroom forest 		
pitcoin	foe	krypt vf kvrrvncvvs		
dead stock	foe	krypt vf kvrrvncvvs		
delicious clam	foe	porter brook		
spirit bell	foe			
giglin	foe friend	hatch, wharf, interworld 		
xvskv.swf	foe friend	the mainframe, interworld 		
paulstretch.exe	foe friend	the mainframe		
owl	friend	cemetery, mushroom forest, leeds		
shredded kelp	foe	cods, wharf 		
clanking chains	foe	porter brook, hatch, wharf		
wriggler 	foe	wharf, train from leeds		
krill	foe	cods, wharf 		
calculator mouse 	foe friend 	interworld		
broken URL 	foe	library, the mainframe 		